{"Falciparum": 1.0, "Ovale": 0.3269230769230769, "Malariae": 0.25, "Knowlesi": 0.19230769230769232, "Vivax": 0.2692307692307692}