{"Knowlesi": 0.7407407407407407, "Vivax": 0.9259259259259259, "Ovale": 0.8518518518518519, "Malariae": 1.0, "Falciparum": 0.18518518518518517}