{"Knowlesi": 0.6666666666666666, "Vivax": 0.9047619047619048, "Ovale": 0.8095238095238095, "Malariae": 1.0, "Falciparum": 0.23809523809523808}