{"Falciparum": 1.0, "Knowlesi": 0.7419354838709677, "Vivax": 0.9354838709677419, "Ovale": 0.9032258064516129, "Malariae": 0.967741935483871}