	PfDepth	PvDepth	MAF	Call
F23	0	0	0	
F60	0	0	0	
F61	0	0	0	
F81	0	0	0	
F82	0	0	0	
F83	0	0	0	
F109	0	0	0	
F113	0	0	0	
F119	0	0	0	
F120	0	0	0	
F142	0	0	0	
F146	0	0	0	
F147	0	0	0	
F152	0	0	0	
F153	0	0	0	
F154	0	0	0	
F182	0	0	0	
F188	0	0	0	
F194	0	0	0	
F197	0	0	0	
F199	0	0	0	
F276	58	0	0.0	T
F277	57	28	0.3294117647058824	A,T
F279	57	26	0.3132530120481928	T,C
F281	58	24	0.29268292682926833	A,T
F282	58	23	0.28395061728395066	A,T
F283	58	20	0.2564102564102564	A,T
F284	57	22	0.2784810126582279	A,T
F285	57	24	0.2962962962962963	A,T
F287	58	13	0.18309859154929575	A,T
F289	56	332	0.14432989690721654	A,G
F291	56	343	0.14035087719298245	A,G
F294	58	342	0.14500000000000002	A,T
F345	59	352	0.14355231143552316	T
F347	59	352	0.14355231143552316	A
F348	59	356	0.14216867469879513	T
F349	59	354	0.1428571428571429	A,T
F355	59	354	0.1428571428571429	T,C
F358	58	353	0.14111922141119226	A,T
F359	59	354	0.1428571428571429	A,T
F361	59	351	0.14390243902439026	A,T
F362	58	356	0.14009661835748788	G,C
F363	59	355	0.14251207729468596	A,G
F368	59	350	0.1442542787286064	A,G
F384	58	354	0.14077669902912626	G,T
F386	55	348	0.1364764267990074	T,C
F398	55	344	0.1378446115288221	T
F406	56	336	0.1428571428571429	G
F430	54	11	0.16923076923076918	A,T
F460	50	330	0.13157894736842102	T,C
F461	49	332	0.1286089238845144	T,C
F465	53	333	0.13730569948186533	A,T
