{"Knowlesi": 0.7307692307692307, "Vivax": 1.0, "Falciparum": 0.2692307692307692, "Ovale": 0.75, "Malariae": 0.7884615384615384}