{"Falciparum": 0.5576923076923077, "Knowlesi": 0.7692307692307693, "Vivax": 1.0, "Ovale": 0.8461538461538461, "Malariae": 0.8653846153846154}