	PfDepth	PvDepth	MAF	Call
F23	11	100	0.09909909909909909	A,T
F60	11	100	0.09909909909909909	A
F61	11	99	0.09999999999999998	A
F81	11	102	0.09734513274336287	A
F82	11	102	0.09734513274336287	A,T
F83	11	102	0.09734513274336287	A
F109	11	100	0.09909909909909909	A,T
F113	11	102	0.09734513274336287	C,T
F119	11	102	0.09734513274336287	A
F120	11	102	0.09734513274336287	C,T
F142	11	102	0.09734513274336287	A,T
F146	11	102	0.09734513274336287	G,A
F147	11	102	0.09734513274336287	G,A
F152	11	102	0.09734513274336287	G,A
F153	11	101	0.0982142857142857	C
F154	11	98	0.1009174311926605	G,A
F182	11	98	0.1009174311926605	T,A
F188	11	95	0.10377358490566035	C,A
F194	11	97	0.10185185185185186	G,A
F197	11	94	0.10476190476190472	T,A
F199	11	99	0.09999999999999998	G,A
F276	0	119	0.0	A
F277	0	119	0.0	T
F279	0	122	0.0	T
F281	0	120	0.0	T
F282	0	120	0.0	A
F283	0	121	0.0	T
F284	0	122	0.0	T
F285	0	118	0.0	A
F287	0	121	0.0	T
F289	0	120	0.0	A
F291	0	115	0.0	A
F294	0	116	0.0	A
F345	0	118	0.0	A
F347	0	121	0.0	A
F348	0	122	0.0	T
F349	0	122	0.0	A
F355	0	122	0.0	T
F358	0	122	0.0	A
F359	0	121	0.0	A
F361	0	122	0.0	T
F362	0	122	0.0	G
F363	0	122	0.0	A
F368	0	122	0.0	A
F384	0	122	0.0	T
F386	0	112	0.0	C
F398	0	107	0.0	T
F406	0	112	0.0	G
F430	0	116	0.0	T
F460	0	104	0.0	C
F461	0	108	0.0	T
F465	0	117	0.0	A
