{"Falciparum": 1.0, "Knowlesi": 0.7884615384615384, "Vivax": 1.0, "Ovale": 0.8846153846153846, "Malariae": 0.8846153846153846}