	PfDepth	PvDepth	MAF	Call
F23	124	115	0.4811715481171548	A,T
F60	126	117	0.4814814814814815	A
F61	125	116	0.4813278008298755	A
F81	124	118	0.487603305785124	A
F82	127	119	0.483739837398374	A,T
F83	126	117	0.4814814814814815	A
F109	127	117	0.4795081967213115	A,T
F113	126	119	0.48571428571428577	C,T
F119	126	118	0.48360655737704916	A
F120	126	119	0.48571428571428577	C,T
F142	127	118	0.4816326530612245	A,T
F146	126	118	0.48360655737704916	A,G
F147	125	118	0.48559670781893005	A,G
F152	126	118	0.48360655737704916	A,G
F153	127	118	0.4816326530612245	C
F154	127	113	0.4708333333333333	A,G
F182	115	111	0.4911504424778761	A,T
F188	118	108	0.47787610619469023	A,C
F194	113	107	0.48636363636363633	A,G
F197	118	104	0.46846846846846846	A,T
F199	114	111	0.4933333333333333	A,G
F276	110	112	0.49549549549549554	A,T
F277	111	110	0.497737556561086	A,T
F279	110	110	0.5	C,T
F281	112	113	0.49777777777777776	A,T
F282	111	109	0.4954545454545455	A,T
F283	110	110	0.5	A,T
F284	111	112	0.4977578475336323	T
F285	113	113	0.5	A
F287	114	112	0.49557522123893805	T
F289	110	111	0.497737556561086	A,G
F291	109	107	0.49537037037037035	A,G
F294	107	112	0.4885844748858448	A,T
F345	114	111	0.4933333333333333	A,T
F347	112	113	0.49777777777777776	A
F348	114	113	0.4977973568281938	T
F349	113	113	0.5	A,T
F355	113	112	0.49777777777777776	C,T
F358	114	113	0.4977973568281938	A,T
F359	114	111	0.4933333333333333	A,T
F361	112	113	0.49777777777777776	A,T
F362	113	113	0.5	G,C
F363	113	113	0.5	A,G
F368	114	112	0.49557522123893805	A,G
F384	114	112	0.49557522123893805	G,T
F386	105	103	0.4951923076923077	C,T
F398	87	91	0.4887640449438202	T
F406	92	90	0.4945054945054945	G
F430	90	97	0.4812834224598931	A,T
F460	89	91	0.49444444444444446	C
F461	86	87	0.49710982658959535	C,T
F465	86	91	0.48587570621468923	A,T
